CNES ;UBS ;REGIAO DE SAUDE;ENDERECO ;TELEFONE;CEP;TIPO  DE UNIDADE ;HORARIO;FARMACIA;AS_BOCAL;LATITUDE Y;LONGITUDE X
7108923;UBS 01 AGUAS CLARAS;SUDOESTE;QS 05 LOTE 24 AV. AREAL PROXIMO UNIV CATOLICA 24 AGUAS CLARAS;Nao Disponivel;Nao Disponivel;2;Das 7h as 19h de segunda a sexta-feira e sabado Das 7h as 12h;Nao Disponivel;Nao Disponivel;-15.854389;-48.035669
11150;UBS 01 ASA SUL;CENTRO-SUL;SGAS QUADRA 612, LOTES 38/39;Nao Disponivel;Nao Disponivel;2;Das 7h as 19h de segunda a sexta-feira e sabado Das 7h as 12h;Nao Disponivel;Nao Disponivel;-15.832798;-47.90942
11185;UBS 01 CANDANGOLANDIA;CENTRO-SUL;;Nao Disponivel;Nao Disponivel;2;;Nao Disponivel;Nao Disponivel;-15.84981;-47.95139
2779374;UBS 01 ESTRUTURAL;CENTRO-SUL;;Nao Disponivel;Nao Disponivel;2;;Nao Disponivel;Nao Disponivel;-15.783654;-47.997248
11118;UBS 01 GUARA;CENTRO-SUL;;Nao Disponivel;Nao Disponivel;2;;Nao Disponivel;Nao Disponivel;-15.818217;-47.986487
11126;UBS 01 NUCLEO BANDEIRANTE;CENTRO-SUL;;Nao Disponivel;Nao Disponivel;2;;Nao Disponivel;Nao Disponivel;-15.8705243;-47.9655092
11681;UBS 01 PARK WAY;CENTRO-SUL;;Nao Disponivel;Nao Disponivel;2;;Nao Disponivel;Nao Disponivel;-15.9336153;-47.9397064
10804;UBS 01 RECANTO Das EMAS;SUDOESTE;QUADRA 307 - AREA ESPECIAL 01 CONJUNTO DS/N;Nao Disponivel;Nao Disponivel;2;Das 7h as 17h de segunda a sexta-feira;Nao Disponivel;Nao Disponivel;-15.919496;-48.101932
11169;UBS 01 RIACHO FUNDO I;CENTRO-SUL;;Nao Disponivel;Nao Disponivel;2;;Nao Disponivel;Nao Disponivel;-15.885214;-48.02341
5038669;UBS 01 RIACHO FUNDO II;CENTRO-SUL;;Nao Disponivel;Nao Disponivel;2;;Nao Disponivel;Nao Disponivel;-15.923025;-48.043917
10642;UBS 01 SAMAMBAIA;SUDOESTE;QS 408 AREA ESPECIAL 011;Nao Disponivel;Nao Disponivel;2;Das 7h as 17h de segunda a sexta-feira;Nao Disponivel;Nao Disponivel;-15.862819;-48.078827
3027651;UBS 01 SIA - CPP;CENTRO-SUL;;Nao Disponivel;Nao Disponivel;2;;Nao Disponivel;Nao Disponivel;-15.800224;-47.966498
10901;UBS 01 TAGUATINGA;SUDOESTE;QNG AREA ESPECIAL Num 18 E191819;Nao Disponivel;Nao Disponivel;2;Das 7h as 19h de segunda a sexta-feira e sabado Das 7h as 12h;Nao Disponivel;Nao Disponivel;-15.795407;-48.059483
9056963;UBS 01 VICENTE PIRES;SUDOESTE;RUA 4C CHACARA 12 COL AGRICOLA SAMAM VICENTE PIRES12;Nao Disponivel;Nao Disponivel;2;Das 7h as 19h de segunda a sexta-feira e sabado Das 7h as 12h;Nao Disponivel;Nao Disponivel;-15.819197;-48.02213
3742822;UBS 02 AGUAS CLARAS;SUDOESTE;QS 08 CONJUNTO 410 A LT 1515AGUAS CLARAS;Nao Disponivel;Nao Disponivel;2;Das 7h as 17h de segunda a sexta-feira;Nao Disponivel;Nao Disponivel;-15.859553;-48.023901
3513564;UBS 02 ESTRUTURAL;CENTRO-SUL;;Nao Disponivel;Nao Disponivel;2;;Nao Disponivel;Nao Disponivel;-15.781925;-47.998773
11266;UBS 02 GUARA;CENTRO-SUL;;Nao Disponivel;Nao Disponivel;2;;Nao Disponivel;Nao Disponivel;-15.832933;-47.973326
7236778;UBS 02 NUCLEO BANDEIRANTE;CENTRO-SUL;;Nao Disponivel;Nao Disponivel;2;;Nao Disponivel;Nao Disponivel;-15.879377;-47.973962
11134;UBS 02 RECANTO Das EMAS;Nao Disponivel;QUADRA 102 AREA ESPECIAL 11;Nao Disponivel;Nao Disponivel;2;Das 7h as 19h de segunda a sexta-feira e sabado Das 7h as 12h;Nao Disponivel;Nao Disponivel;-15.902186;-48.060234
3781437;UBS 02 RIACHO FUNDO I;CENTRO-SUL;;Nao Disponivel;Nao Disponivel;2;;Nao Disponivel;Nao Disponivel;-15.879364;-48.00064
3410196;UBS 02 RIACHO FUNDO II;CENTRO-SUL;;Nao Disponivel;Nao Disponivel;2;;Nao Disponivel;Nao Disponivel;-15.909386;-48.049338
10774;UBS 02 SAMAMBAIA;SUDOESTE;QS 611 AREA ESPECIAL Num2SN;Nao Disponivel;Nao Disponivel;2;Das 7h as 19h de segunda a sexta-feira e sabado Das 7h as 12h;Nao Disponivel;Nao Disponivel;-15.875666;-48.109902
10928;UBS 02 TAGUATINGA;SUDOESTE;QND LOTE A - PRACA DO BICALHO2;Nao Disponivel;Nao Disponivel;2;Das 7h as 19h de segunda a sexta-feira e sabado Das 7h as 12h;Nao Disponivel;Nao Disponivel;-15.810552;-48.063188
11274;UBS 03 GUARA;CENTRO-SUL;;Nao Disponivel;Nao Disponivel;2;;Nao Disponivel;Nao Disponivel;-15.848998;-47.970083
7170939;UBS 03 RECANTO Das EMAS;SUDOESTE;QD 104/105 AREA ESPECIAL LOTE25AREA HOSPITALAR;Nao Disponivel;Nao Disponivel;2;Das 7h as 19h de segunda a sexta-feira e sabado Das 7h as 12h;Nao Disponivel;Nao Disponivel;-15.902435;-48.074176
2660199;UBS 03 RIACHO FUNDO II;CENTRO-SUL;;Nao Disponivel;Nao Disponivel;2;;Nao Disponivel;Nao Disponivel;-15.905892;-48.045933
10677;UBS 03 SAMAMBAIA;SUDOESTE;QN 429 CONJUNTO F LOTE 1 EXPANSAO DA SAMAMBAIA1EXPANSAO;Nao Disponivel;Nao Disponivel;2;Das 7h as 18h de segunda a sexta-feira;Nao Disponivel;Nao Disponivel;-15.890241;-48.142062
10936;UBS 03 TAGUATINGA;SUDOESTE;QNL 01-AREA ESPECIAL Num2 TAGUATINGA NORTE VIA ESTA1PROX ATACADAO EXTRA;Nao Disponivel;Nao Disponivel;2;Das 7h as 18h de segunda a sexta-feira;Nao Disponivel;Nao Disponivel;-15.833137;-48.077682
11657;UBS 04 GUARA - LUCIO COSTA;CENTRO-SUL;;Nao Disponivel;Nao Disponivel;2;;Nao Disponivel;Nao Disponivel;-15.810198;-47.988598
7417632;UBS 04 RECANTO Das EMAS;SUDOESTE;QUADRA 308 AREA ESPECIAL2CLINICA DA FAMILIA 2;Nao Disponivel;Nao Disponivel;2;Das 7h as 19h de segunda a sexta-feira e sabado Das 7h as 12h;Nao Disponivel;Nao Disponivel;-15.919922;-48.101999
2673924;UBS 04 RIACHO FUNDO II - CAUB I;CENTRO-SUL;;Nao Disponivel;Nao Disponivel;2;;Nao Disponivel;Nao Disponivel;-15.947478;-48.015149
10685;UBS 04 SAMAMBAIA;SUDOESTE;QN 512 CONJUNTO 2 LOTE1,2, E 3;Nao Disponivel;Nao Disponivel;2;Das 7h as 19h de segunda a sexta-feira e sabado Das 7h as 12h;Nao Disponivel;Nao Disponivel;-15.878564;-48.069142
9263632;UBS 05 GUARA;CENTRO-SUL;;Nao Disponivel;Nao Disponivel;2;;Nao Disponivel;Nao Disponivel;-15.848998;-47.970083
7059892;UBS 05 RECANTO Das EMAS;Nao Disponivel;QD 803 ESPACO CEDIDO ESCOLA 803S/NESC CLASSE 803;Nao Disponivel;Nao Disponivel;2;Das 7h as 17h de segunda a sexta-feira;Nao Disponivel;Nao Disponivel;-15.923448;-48.054167
7526504;UBS 05 RIACHO FUNDO II - CAUB II;CENTRO-SUL;;Nao Disponivel;Nao Disponivel;2;;Nao Disponivel;Nao Disponivel;-15.938581;-48.034864
6921736;UBS 05 SAMAMBAIA;SUDOESTE;QN 523 AREA ESPECIAL1;Nao Disponivel;Nao Disponivel;2;Das 7h as 18h de segunda a sexta-feira;Nao Disponivel;Nao Disponivel;-15.898576;-48.120967
10626;UBS 05 TAGUATINGA;SUDOESTE;SETOR D SUL AREA ESP Num23 - TAGUATINGA SUL23IGREJA PADRE MOACIR;Nao Disponivel;Nao Disponivel;2;Das 7h as 18h de segunda a sexta-feira;Nao Disponivel;Nao Disponivel;-15.8510162;-48.047102
7059965;UBS 06 RECANTO Das EMAS;CENTRO-SUL;AV PONTE ALTA QD 604CENTRO OLIMPICOS/NCENTRO OLIMPICO;Nao Disponivel;Nao Disponivel;2;Das 7h as 17h de segunda a sexta-feira;Nao Disponivel;Nao Disponivel;-15.914693;-48.059644
7053754;UBS 06 SAMAMBAIA;SUDOESTE;QS 122 CONJUNTO 06 LOTE1;Nao Disponivel;Nao Disponivel;2;Das 7h as 17h de segunda a sexta-feira;Nao Disponivel;Nao Disponivel;-15.870118;-48.058478
10952;UBS 06 TAGUATINGA;SUDOESTE;SETOR C SUL - AREA ESPECIAL Num1 TAGUATINGA1CENTRO DE TAGUATINGA;Nao Disponivel;Nao Disponivel;2;Das 7h as 19h de segunda a sexta-feira e sabado Das 7h as 12h;Nao Disponivel;Nao Disponivel;-15.836387;-48.062946
2779331;UBS 07 RECANTO Das EMAS - CASA GRANDE;SUL;EMA 33 NUCLEO RURAL CASA GRANDE E MONJOLOS/NN RURAL CASA GRANDE;Nao Disponivel;Nao Disponivel;2;Das 7h as 17h de segunda a sexta-feira;Nao Disponivel;Nao Disponivel;-15.964549;-48.099852
7299877;UBS 07 SAMAMBAIA;SUDOESTE;QUADRA 302 CONJUNTO 05 LOTE 011;Nao Disponivel;Nao Disponivel;2;Das 7h as 19h de segunda a sexta-feira e sabado Das 7h as 12h;Nao Disponivel;Nao Disponivel;-15.877945;-48.082666
10960;UBS 07 TAGUATINGA;SUDOESTE;QNM 36 AREA ESPECIAL Num10 TAGUATINGA NORTE - M NOR10M NORTE;Nao Disponivel;Nao Disponivel;2;Das 7h as 18h de segunda a sexta-feira;Nao Disponivel;Nao Disponivel;-15.801127;-48.094193
2804247;UBS 08 RECANTO Das EMAS - SAO FRANCISCO;SUDOESTE;DF 280KM 03 QD 04 ST HAB AGUA QUENTES/NRESID GUARAPARI;Nao Disponivel;Nao Disponivel;2;Das 7h as 17h de segunda a sexta-feira;Nao Disponivel;Nao Disponivel;-15.937712;-48.228196
7114397;UBS 08 SAMAMBAIA;SUDOESTE;QS 314 CONJUNTO 05 LOTE 011;Nao Disponivel;Nao Disponivel;2;Das 7h as 19h de segunda a sexta-feira e sabado Das 7h as 12h;Nao Disponivel;Nao Disponivel;-15.876741;-48.067785
2617269;UBS 08 TAGUATINGA;SUDOESTE;EQNL 24 AREA ESP TAGUATINGA NORTE - L NORTE1;Nao Disponivel;Nao Disponivel;2;Das 7h as 18h de segunda a sexta-feira;Nao Disponivel;Nao Disponivel;-15.821107;-48.092253
7059957;UBS 09 RECANTO Das EMAS;Nao Disponivel;QD 102 AREA ESPECIAL 01S/NAREA ESPECIAL;Nao Disponivel;Nao Disponivel;2;Das 7h as 17h de segunda a sexta-feira;Nao Disponivel;Nao Disponivel;-15.90194;-48.060101
3742857;UBS 09 SAMAMBAIA;SUDOESTE;QN 317 AREA ESPECIAL 011;Nao Disponivel;Nao Disponivel;2;Das 7h as 17h de segunda a sexta-feira;Nao Disponivel;Nao Disponivel;-15.892962;-48.113025
10634;UBS 1 - PARANOA;Nao Disponivel;QD 21 AREA ESPECIAL CONJUNTO 1515PARANOA;Nao Disponivel;Nao Disponivel;2;Das 7h as 19h de segunda a sexta-feira e sabado Das 7h as 12h;Nao Disponivel;Nao Disponivel;-15.769394;-47.779941
10707;UBS 1 ASA NORTE;CENTRAL;SGAN905MODULO D1;Nao Disponivel;Nao Disponivel;2;Das 7h as 19h de segunda a sexta-feira e sabado Das 7h as 12h;Nao Disponivel;Nao Disponivel;-15.7733019;-47.8924184
11215;UBS 1 BRAZLANDIA;OESTE;ENTRE QUADRA 6/8, AREA ESPECIAL 3, SETOR NORTE3;Nao Disponivel;Nao Disponivel;2;Das 7h as 18h de segunda a sexta-feira;Nao Disponivel;Nao Disponivel;-15.677194;-48.194854
10731;UBS 1 CRUZEIRO;Nao Disponivel;SHCES QUADRA601LT 01 AREA ESPECIAL;Nao Disponivel;Nao Disponivel;2;Das 7h as 19h de segunda a sexta-feira e sabado Das 7h as 12h;Nao Disponivel;Nao Disponivel;-15.800747;-47.942181
2804360;UBS 1 ENGENHO VELHO FERCAL;NORTE;DF 150 KM 12 RUA 09 LOTE2ENGENHO VELHO;Nao Disponivel;Nao Disponivel;2;Das 7h as 17h de segunda a sexta-feira;Nao Disponivel;Nao Disponivel;-15.600348;-47.871589
7347715;UBS 1 ESF SOL NASCENTE TRECHO II CEILANDIA;OESTE;EQNP 7/11SETOR P NORTE43776;Nao Disponivel;Nao Disponivel;2;Das 7h as 18h de segunda a sexta-feira;Nao Disponivel;Nao Disponivel;-15.8189444;-48.1298611
6268269;UBS 1 ITAPOA;LESTE;QUADRA 378 AREA ESPECIAL1DEL LAGO ITAPOA;Nao Disponivel;Nao Disponivel;2;Das 7h as 19h de segunda a sexta-feira e sabado Das 7h as 12h;Nao Disponivel;Nao Disponivel;-15.740397;-47.763109
11177;UBS 1 LAGO NORTE;CENTRAL;SHIN QI3AREA ESPECIAL;Nao Disponivel;Nao Disponivel;2;Das 7h as 17h de segunda a sexta-feira;Nao Disponivel;Nao Disponivel;-15.725567;-47.87385
5167817;UBS 1 PLANALTINA;NORTE;QUADRA 18 CONJUNTO H AREA ESPECIAL1BURITIS IV ST LESTE;Nao Disponivel;Nao Disponivel;2;Das 7h as 17h de segunda a sexta-feira;Nao Disponivel;Nao Disponivel;-15.618292;-47.640293
10790;UBS 1 SAO SEBASTIAO;LESTE;CENTRO DE MULTIPLAS ATIVIDADES CONJ10;Nao Disponivel;Nao Disponivel;2;Das 7h as 19h de segunda a sexta-feira e sabado Das 7h as 12h;Nao Disponivel;Nao Disponivel;-15.902241;-47.772632
11223;UBS 1 SOBRADINHO;NORTE;QD 14 AREA ESPECIAL 22/231;Nao Disponivel;Nao Disponivel;2;Das 7h as 19h de segunda a sexta-feira e sabado Das 7h as 12h;Nao Disponivel;Nao Disponivel;-15.650685;-47.782041
11258;UBS 1 SOBRADINHO II;NORTE;AR 13 AREA ESPECIAL CONJUNTO 7 LOTE1SOBRADINHO II;Nao Disponivel;Nao Disponivel;2;Das 7h as 19h de segunda a sexta-feira e sabado Das 7h as 12h;Nao Disponivel;Nao Disponivel;-15.644548;-47.824431
2617358;UBS 1 VARJAO;CENTRAL;VILA VARJAO QUADRA 55CONJ A LT 17 AE SET;Nao Disponivel;Nao Disponivel;2;Das 7h as 17h de segunda a sexta-feira;Nao Disponivel;Nao Disponivel;-15.7109471;-47.8762292
11207;UBS 10 CEILANDIA;OESTE;QNN 12 AREA ESPECIAL 112AREA ESPECIAL 1;Nao Disponivel;Nao Disponivel;2;Das 7h as 18h de segunda a sexta-feira;Nao Disponivel;Nao Disponivel;-15.8245555;-48.1134722
3286932;UBS 10 JOAO CANDIDO - SAO SEBASTIAO;LESTE;RUA 14 LOTE21LOJAS 1, 2 E 3;Nao Disponivel;Nao Disponivel;2;Das 7h as 17h de segunda a sexta-feira;Nao Disponivel;Nao Disponivel;-15.897911;-47.76124
3144623;UBS 10 RECANTO Das EMAS;SUDOESTE;QD 511/311 AREA ESPECIAL AVENIDA MONJOLOS/NAREA ESPECIAL;Nao Disponivel;Nao Disponivel;2;Das 7h as 17h de segunda a sexta-feira;Nao Disponivel;Nao Disponivel;-15.933119;-48.106438
3633845;UBS 10 SAMAMBAIA;SUDOESTE;QR 501 CONJUNTO 07 LOTE2;Nao Disponivel;Nao Disponivel;2;Das 7h as 17h de segunda a sexta-feira;Nao Disponivel;Nao Disponivel;-15.884218;-48.08701
2804174;UBS 10 TAQUARA PLANALTINA;NORTE;NUCLEO RURAL TAQUARA1;Nao Disponivel;Nao Disponivel;2;Das 7h as 17h de segunda a sexta-feira;Nao Disponivel;Nao Disponivel;-15.629319;-47.518272
11061;UBS 11 CEILANDIA;OESTE;EQNO 17/18 AREA ESPECIAL17/18SETRO O, EXPANSAO;Nao Disponivel;Nao Disponivel;2;Das 7h as 19h de segunda a sexta-feira e sabado Das 7h as 12h;Nao Disponivel;Nao Disponivel;-15.7982826;-48.1334209
11576;UBS 11 RAJADINHA PLANALTINA;NORTE;NUCLEO RURAL RAJADINHA II RUA 2 LOTE 16/1717CHACARA RIACHO DOCE;Nao Disponivel;Nao Disponivel;2;Das 7h as 17h de segunda a sexta-feira;Nao Disponivel;Nao Disponivel;-15.746663;-47.662715
9543945;UBS 11 RECANTO Das EMAS;SUDOESTE;QUADRA 01 LOTE 21 CONDOMINIO SALOMAO ELIAS21CONDOMINIO;Nao Disponivel;Nao Disponivel;2;Das 7h as 17h de segunda a sexta-feira;Nao Disponivel;Nao Disponivel;-15.94217;-48.240685
3212025;UBS 11 RESIDENCIAL DO BOSQUE 2 - SAO SEBASTIAO;LESTE;RUA 26 CJ B CASA17;Nao Disponivel;Nao Disponivel;2;Das 7h as 17h de segunda a sexta-feira;Nao Disponivel;Nao Disponivel;-15.912092;-47.751652
7771479;UBS 11 SAMAMBAIA;SUDOESTE;QS 1033 CONJUNTO 01 LOTE4;Nao Disponivel;Nao Disponivel;2;Das 7h as 17h de segunda a sexta-feira;Nao Disponivel;Nao Disponivel;-15.885891;-48.150507
2804123;UBS 12 BICA DO DER PLANALTINA;NORTE;DF 128 CONDOMINIO SAMAUMA CONJUNTO A LOTE13BICA DO DER;Nao Disponivel;Nao Disponivel;2;Das 7h as 17h de segunda a sexta-feira;Nao Disponivel;Nao Disponivel;-15.633893;-47.674468
2617293;UBS 12 CEILANDIA;OESTE;EQNQ 03/0443558AREA ESPECIAL;Nao Disponivel;Nao Disponivel;2;Das 7h as 19h de segunda a sexta-feira e sabado Das 7h as 12h;Nao Disponivel;Nao Disponivel;-15.80469;-48.143466
9480587;UBS 12 SAMAMBAIA;SUDOESTE;QR 210 CONJUNTO 22 LOTE 011NORTE;Nao Disponivel;Nao Disponivel;2;Das 7h as 19h de segunda a sexta-feira e sabado Das 7h as 12h;Nao Disponivel;Nao Disponivel;-15.865917;-48.074603
7423489;UBS 12 SAO JOSE - SAO SEBASTIAO;LESTE;QD 31 CASA 6 BAIRRO SAO JOSE SAO SEBASTIAO DF6;Nao Disponivel;Nao Disponivel;2;Das 7h as 17h de segunda a sexta-feira;Nao Disponivel;Nao Disponivel;-15.9096844;-47.7648854
3144542;UBS 13 BOA ESPERANCA CEILANDIA;OESTE;NUCLEO RURAL BOA ESPERANCAS/N;Nao Disponivel;Nao Disponivel;2;Das 7h as 17h de segunda a sexta-feira;Nao Disponivel;Nao Disponivel;-15.828394;-48.24648
9647597;UBS 13 SAMAMBAIA;Nao Disponivel;QUADRA 615 AREA ESPECIAL 01 SAMAMBAIA NORTE1SAMAMBAIA;Nao Disponivel;Nao Disponivel;2;Das 7h as 17h de segunda a sexta-feira;Nao Disponivel;Nao Disponivel;-15.876583;-48.115639
11622;UBS 13 SAO JOSE PLANALTINA;NORTE;NUCLEO RURAL SAO JOSE AREA ESPECIAL0SAO JOSE;Nao Disponivel;Nao Disponivel;2;Das 7h as 17h de segunda a sexta-feira;Nao Disponivel;Nao Disponivel;-15.704136;-47.373487
3028003;UBS 14 CDP - SAO SEBASTIAO;LESTE;RODOVIA 465 KM4FAZENDA PAPUDA;Nao Disponivel;Nao Disponivel;2;;Nao Disponivel;Nao Disponivel;-15.910858;-47.810019
3677044;UBS 14 CONDOMINIO PRIVE CEILANDIA;OESTE;CONDOMINIO PRIVE LUCENA RORIZ , MODULO 12 LOTE1MODULO 12;Nao Disponivel;Nao Disponivel;2;Das 7h as 17h de segunda a sexta-feira;Nao Disponivel;Nao Disponivel;-15.7852777;-48.1365555
11584;UBS 14 TABATINGA PLANALTINA;Nao Disponivel;NUCLEO RURAL DE TABATINGA S/N1;Nao Disponivel;Nao Disponivel;2;Das 7h as 17h de segunda a sexta-feira;Nao Disponivel;Nao Disponivel;-15.820625;-47.569871
3028011;UBS 15 CIR - SAO SEBASTIAO;Nao Disponivel;ROD DF 465 KM4FAZENDA PAPUDA;Nao Disponivel;Nao Disponivel;2;;Nao Disponivel;Nao Disponivel;-15.910858;-47.810019
2672227;UBS 15 RIO PRETO PLANALTINA;NORTE;NUCLEO RURAL RIO PRETO1PLANALTINA;Nao Disponivel;Nao Disponivel;2;Das 7h as 17h de segunda a sexta-feira;Nao Disponivel;Nao Disponivel;-15.762539;-47.492673
7347723;UBS 15 VILA OLIMPICA CEILANDIA;OESTE;QNP 21 AREA ESPECIALS/NP NORTE;Nao Disponivel;Nao Disponivel;2;Das 7h as 17h de segunda a sexta-feira;Nao Disponivel;Nao Disponivel;-15.8095277;-48.1373611
9475931;UBS 16 CEILANDIA;OESTE;QUADRA 500 AE S/N TRECHO 1 SOL NASCENTESN;Nao Disponivel;Nao Disponivel;2;Das 7h as 18h de segunda a sexta-feira;Nao Disponivel;Nao Disponivel;-15.834317;-48.133572
7566530;UBS 16 PDF I SAO SEBASTIAO;Nao Disponivel;ROD DF 465 KM4FAZENDA PAPUDA;Nao Disponivel;Nao Disponivel;2;;Nao Disponivel;Nao Disponivel;-15.910858;-47.810019
11592;UBS 16 PIPIRIPAU PLANALTINA;NORTE;NUCLEO RURAL PIPIRIPAU1;Nao Disponivel;Nao Disponivel;2;Das 7h as 17h de segunda a sexta-feira;Nao Disponivel;Nao Disponivel;-15.534618;-47.511097
9509356;UBS 17 CEILANDIA;OESTE;EQNP 16 /20 AREA ESPECIAL E, FS / N;Nao Disponivel;Nao Disponivel;2;Das 7h as 18h de segunda a sexta-feira;Nao Disponivel;Nao Disponivel;-15.847128;-48.114353
3144666;UBS 17 JARDIM MORUMBI PLANALTINA;NORTE;CONDOMINIO MORUMBI - VALE DO SOL - QUADRA N LOTE15BR 020 KM 4;Nao Disponivel;Nao Disponivel;2;Das 7h as 17h de segunda a sexta-feira;Nao Disponivel;Nao Disponivel;-15.523615;-47.618887
3027643;UBS 17 PDF II - SAO SEBASTIAO;Nao Disponivel;ROD DF 465 KM4FAZENDA PAPUDA;Nao Disponivel;Nao Disponivel;2;;Nao Disponivel;Nao Disponivel;-15.910858;-47.810019
9643338;UBS 18 CAIC BERNARDO SAYAO;Nao Disponivel;;Nao Disponivel;Nao Disponivel;2;;Nao Disponivel;Nao Disponivel;-15.832169;-48.114475
9566961;UBS 18 PLANALTINA;NORTE;SETOR RECREATIVO E CULTURAL MODULO ESPORTIVOS/NCENTRO OLIMPICO;Nao Disponivel;Nao Disponivel;2;Das 7h as 17h de segunda a sexta-feira;Nao Disponivel;Nao Disponivel;-15.616921;-47.651111
9566988;UBS 19 PLANALTINA;NORTE;SETOR RESIDENCIAL OESTE, VILA NOSSA SRA. DE FATIMAS/NPARQUE SUCUPIRA;Nao Disponivel;Nao Disponivel;2;Das 7h as 17h de segunda a sexta-feira;Nao Disponivel;Nao Disponivel;-15.604537;-47.660106
3254909;UBS 19 VILA DO BOA - SAO SEBASTIAO;Nao Disponivel;RUA 07 CASA400;Nao Disponivel;Nao Disponivel;2;Das 7h as 17h de segunda a sexta-feira;Nao Disponivel;Nao Disponivel;-15.876576;-47.793017
3286959;UBS 2 - ITAPOA;LESTE;AREA ESPECIAL ENTRE QUADRA 61/ 3180;Nao Disponivel;Nao Disponivel;2;Das 7h as 17h de segunda a sexta-feira;Nao Disponivel;Nao Disponivel;-15.74573;-47.769759
3286975;UBS 2 - QUADRA 18 - PARANOA;LESTE;POSTO DE SAUDE URBANO QUADRA 18 AE18CENTRO;Nao Disponivel;Nao Disponivel;2;Das 7h as 17h de segunda a sexta-feira;Nao Disponivel;Nao Disponivel;-15.770585;-47.778523
10723;UBS 2 ASA NORTE;CENTRAL;EQN 114 1151AREA ESPECIAL;Nao Disponivel;Nao Disponivel;2;Das 7h as 19h de segunda a sexta-feira e sabado Das 7h as 12h;Nao Disponivel;Nao Disponivel;-15.7429114;-47.8915111
6662358;UBS 2 BRAZLANDIA;OESTE;QUADRA 45 AREA ESPECIAL, VILA SAO JOSES/NAREA ESPECIAL;Nao Disponivel;Nao Disponivel;2;Das 7h as 18h de segunda a sexta-feira;Nao Disponivel;Nao Disponivel;-15.6589444;-48.1926666
11517;UBS 2 CATINGUEIRO FERCAL;NORTE;ROD DF 205 OESTE KM 13 NUCLEO RURAL13CATINGUEIRO;Nao Disponivel;Nao Disponivel;2;Das 7h as 17h de segunda a sexta-feira;Nao Disponivel;Nao Disponivel;-15.588392;-47.922476
10987;UBS 2 CEILANDIA;OESTE;QNN 15 LOTE F15LOTE F;Nao Disponivel;Nao Disponivel;2;Das 7h as 19h de segunda a sexta-feira e sabado Das 7h as 12h;Nao Disponivel;Nao Disponivel;-15.80775;-48.1204166
10758;UBS 2 CRUZEIRO;CENTRAL;SHCE SETOR ESCOLAR LOTE4AREA ESPECIAL;Nao Disponivel;Nao Disponivel;2;Das 7h as 19h de segunda a sexta-feira e sabado Das 7h as 12h;Nao Disponivel;Nao Disponivel;-15.7835622;-47.9358883
10650;UBS 2 PLANALTINA;NORTE;ENTRE QUADRAS 1/10 AREA ESPECIALS/NVILA BURITIS;Nao Disponivel;Nao Disponivel;2;Das 7h as 18h de segunda a sexta-feira e sabado Das 7h as 12h;Nao Disponivel;Nao Disponivel;-15.612332;-47.643199
11231;UBS 2 SOBRADINHO;NORTE;QUADRA 3 AREA ESPECIAL ENTRE CONJUNTOS D/E1;Nao Disponivel;Nao Disponivel;2;Das 7h as 19h de segunda a sexta-feira e sabado Das 7h as 12h;Nao Disponivel;Nao Disponivel;-15.654486;-47.809496
7368895;UBS 2 SOBRADINHO II;NORTE;RODOVIA DF 420 SETOR DE MANSOES1;Nao Disponivel;Nao Disponivel;2;Das 7h as 19h de segunda a sexta-feira e sabado Das 7h as 12h;Nao Disponivel;Nao Disponivel;-15.639134;-47.819946
3254887;UBS 2 T.R.E. - SAO SEBASTIAO;LESTE;QUADRA 101, CONJ. 02, LOTE1RESID. OESTE;Nao Disponivel;Nao Disponivel;2;Das 7h as 17h de segunda a sexta-feira;Nao Disponivel;Nao Disponivel;-15.889998;-47.778177
9572481;UBS 3 - ITAPOA;LESTE;QUADRA 378, CONJ A, DEL LAGO Num 44RUA DA ADMINISTRACAO;Nao Disponivel;Nao Disponivel;2;Das 7h as 17h de segunda a sexta-feira;Nao Disponivel;Nao Disponivel;-15.744625;-47.761213
9572511;UBS 3 - PARANOA PARQUE;LESTE;QUADRA 02, CONJ A, A/E, ANTIGA BIBLIOTECAS/Num;Nao Disponivel;Nao Disponivel;2;Das 7h as 19h de segunda a sexta-feira e sabado Das 7h as 12h;Nao Disponivel;Nao Disponivel;-15.779826;-47.781357
11355;UBS 3 ASA NORTE (VILA PLANALTO);CENTRAL;RUA PIAU ACAMPAMENTO PACHECO FERNANDES2AREA ESPECIAL;Nao Disponivel;Nao Disponivel;2;Das 7h as 18h de segunda a sexta-feira;Nao Disponivel;Nao Disponivel;-15.7953438;-47.848469
10995;UBS 3 CEILANDIA;OESTE;QNM 15 LOTE D AREA ESPECIAL15LOTE D AREA ESPECIAL;Nao Disponivel;Nao Disponivel;2;Das 7h as 19h de segunda a sexta-feira e sabado Das 7h as 12h;Nao Disponivel;Nao Disponivel;-15.830985;-48.0966854
11568;UBS 3 NOVA COLINA SOBRADINHO;NORTE;AE NOVO SETOR DE MANSOES NOVA COLINA0;Nao Disponivel;Nao Disponivel;2;Das 7h as 19h de segunda a sexta-feira e sabado Das 7h as 12h;Nao Disponivel;Nao Disponivel;-15.647957;-47.755315
11096;UBS 3 PLANALTINA;NORTE;SETOR HOSPITALAR AREA ESPECIAL S/N0CEP SAUDE;Nao Disponivel;Nao Disponivel;2;Das 7h as 17h de segunda a sexta-feira;Nao Disponivel;Nao Disponivel;-15.624705;-47.655044
3212068;UBS 3 RESIDENCIAL OESTE - SAO SEBASTIAO;LESTE;QD 301 CJ 06 LT1;Nao Disponivel;Nao Disponivel;2;Das 7h as 17h de segunda a sexta-feira;Nao Disponivel;Nao Disponivel;-15.907718;-47.777617
6770681;UBS 3 VALE DOS PINHEIROS SOBRADINHO II;NORTE;COND VALE DOS PINHEIROS QD 45 A CONJUNTO A LOTE56;Nao Disponivel;Nao Disponivel;2;Das 7h as 17h de segunda a sexta-feira;Nao Disponivel;Nao Disponivel;-15.620906;-47.821668
3144658;UBS 3 VEREDas I BRAZLANDIA;OESTE;QUADRA 3 LOTE 6 AREA ESPECIAL Num 2 SETOR VEREDas I2AREA ESPECIAL;Nao Disponivel;Nao Disponivel;2;Das 7h as 17h de segunda a sexta-feira;Nao Disponivel;Nao Disponivel;-15.6698611;-48.2004444
3212033;UBS 4 MORRO AZUL - SAO SEBASTIAO;LESTE;AREA ESPECIAL QUADRA2VILA OLIMPICA;Nao Disponivel;Nao Disponivel;2;Das 7h as 17h de segunda a sexta-feira;Nao Disponivel;Nao Disponivel;-15.891723;-47.782025
6216013;UBS 4 PLANALTINA;NORTE;ESTANCIA NOVA PLANALTINA QD 02 RUA A AREA ESPECIAL0ESTANCIA;Nao Disponivel;Nao Disponivel;2;Das 7h as 19h de segunda a sexta-feira e sabado Das 7h as 12h;Nao Disponivel;Nao Disponivel;-15.619782;-47.680616
7687079;UBS 4 ROTA DO CAVALO SOBRADINHO;NORTE;DF 440 CONDOMINIO RESIDENCIAL SERRA VERDE KM 121SALA ANEXA PAROQUIA;Nao Disponivel;Nao Disponivel;2;Das 7h as 17h de segunda a sexta-feira;Nao Disponivel;Nao Disponivel;-15.702454;-47.758675
6770665;UBS 4 SETOR DE MANSOES SOBRADINHO II;NORTE;COND MINI CHACARAS QMS 30 A AREA ESPECIAL1;Nao Disponivel;Nao Disponivel;2;Das 7h as 17h de segunda a sexta-feira;Nao Disponivel;Nao Disponivel;-15.635683;-47.837392
3742865;UBS 4 VEREDas II BRAZLANDIA;OESTE;AREA ESPECIAL 1, SETOR VEREDas II1AREA ESPECIAL;Nao Disponivel;Nao Disponivel;2;Das 7h as 17h de segunda a sexta-feira;Nao Disponivel;Nao Disponivel;-15.6728333;-48.2003333
11614;UBS 5 - CAPAO SECO - PARANOA;LESTE;DF 125/BR 251 KM 38 CAPAO SECOS/N;Nao Disponivel;Nao Disponivel;2;Das 7h as 17h de segunda a sexta-feira;Nao Disponivel;Nao Disponivel;-15.963007;-47.557766
6770657;UBS 5 BASE VI SOBRADINHO;NORTE;VILA BASEVI AREA ESPECIAL 01 LOTE1ASSOC. DOS MORADORES;Nao Disponivel;Nao Disponivel;2;Das 7h as 17h de segunda a sexta-feira;Nao Disponivel;Nao Disponivel;-15.646025;-47.889136
11010;UBS 5 CEILANDIA;OESTE;QNM 16 LOTE F AREA ESPECIAL16LOTE F;Nao Disponivel;Nao Disponivel;2;Das 7h as 18h de segunda a sexta-feira;Nao Disponivel;Nao Disponivel;-15.8032777;-48.1117777
3144631;UBS 5 CHAPADINHA BRAZLANDIA;OESTE;RESERVA A, DF 240 DF 008 DF 445 KM 4S/NVINCENAL A ESQUERDA;Nao Disponivel;Nao Disponivel;2;Das 7h as 17h de segunda a sexta-feira;Nao Disponivel;Nao Disponivel;-15.674537;-48.15158
5117666;UBS 5 GRANJA DO TORTO;CENTRAL;;Nao Disponivel;Nao Disponivel;2;;Nao Disponivel;Nao Disponivel;-15.7087085;-47.9136441
11363;UBS 5 NOVA BETANIA - SAO SEBASTIAO;LESTE;DF 140 KM7,5SAO SEBASTIAO;Nao Disponivel;Nao Disponivel;2;Das 7h as 17h de segunda a sexta-feira;Nao Disponivel;Nao Disponivel;-15.990927;-47.813177
6216021;UBS 5 PLANALTINA;NORTE;QUADRA 12 D CONJUNTO A AREA ESPECIAL0ARAPOANGA;Nao Disponivel;Nao Disponivel;2;Das 7h as 18h de segunda a sexta-feira e sabado Das 7h as 12h;Nao Disponivel;Nao Disponivel;-15.63932;-47.647083
7686730;UBS 5 SETOR DE MANSOES SOBRADINHO II;NORTE;COND MINI CHACARAS QMS 16 RUA 14 CASA1;Nao Disponivel;Nao Disponivel;2;Das 7h as 17h de segunda a sexta-feira;Nao Disponivel;Nao Disponivel;-15.635707;-47.837388
2804107;UBS 6 - CARIRU - PARANOA;LESTE;COLONIA AGRICOLA DF 120 AE1;Nao Disponivel;Nao Disponivel;2;Das 7h as 17h de segunda a sexta-feira;Nao Disponivel;Nao Disponivel;-15.9069192;-47.5165772
11495;UBS 6 ALMECEGAS BRAZLANDIA;OESTE;FAZENDA ALMECEGAS BR DF 180 DF 205 KM 05S/N;Nao Disponivel;Nao Disponivel;2;Das 7h as 17h de segunda a sexta-feira;Nao Disponivel;Nao Disponivel;-15.5388888;-48.1684722
5050340;UBS 6 ARAPOANGA PLANALTINA;NORTE;QUADRA 08 CONJUNTO 01S/NARAPOANGA;Nao Disponivel;Nao Disponivel;2;Das 7h as 17h de segunda a sexta-feira;Nao Disponivel;Nao Disponivel;-15.6407456;-47.6402785
11029;UBS 6 CEILANDIA;OESTE;EQNP 10/14 LOTES E,F,G, H41913LOTE EFGH;Nao Disponivel;Nao Disponivel;2;Das 7h as 19h de segunda a sexta-feira e sabado Das 7h as 12h;Nao Disponivel;Nao Disponivel;-15.8401944;-48.1141944
2804387;UBS 6 LAGO OESTE SOBRADINHO;NORTE;DF 001 KM 120 RUA 08 CHACARA187LAGO OESTE;Nao Disponivel;Nao Disponivel;2;Das 7h as 17h de segunda a sexta-feira;Nao Disponivel;Nao Disponivel;-15.618981;-47.948493
3212017;UBS 6 SAO FRANCISCO - SAO SEBASTIAO;LESTE;QD 5 CASA 1 BAIRRO SAO FRANCISCO SAO SEBASTIAO DF1;Nao Disponivel;Nao Disponivel;2;Das 7h as 17h de segunda a sexta-feira;Nao Disponivel;Nao Disponivel;-15.914607;-47.760687
7041594;UBS 6 VALE DAS ACACIAS SOBRADINHO II;NORTE;CONDOMINIO VALE Das ACACIAS QUADRA 12 LOTE1;Nao Disponivel;Nao Disponivel;2;Das 7h as 17h de segunda a sexta-feira;Nao Disponivel;Nao Disponivel;-15.62289;-47.836444
7075596;UBS 7 - CAFE SEM TROCO - PARANOA;LESTE;DF 270 KM 2 FAZENDA SANTO ANTONIO0DF 270 KM 3;Nao Disponivel;Nao Disponivel;2;Das 7h as 17h de segunda a sexta-feira;Nao Disponivel;Nao Disponivel;-15.939568;-47.599129
11037;UBS 7 CEILANDIA;OESTE;QNO 10 AREA ESPECIAL D, E10AREA ESPECIAL D, E;Nao Disponivel;Nao Disponivel;2;Das 7h as 19h de segunda a sexta-feira e sabado Das 7h as 12h;Nao Disponivel;Nao Disponivel;-15.795757;-48.131051
11509;UBS 7 INCRA 08 BRAZLANDIA;OESTE;QUADRA 15 LOTE 02 LOJA 01 INCRA 08S/N;Nao Disponivel;Nao Disponivel;2;Das 7h as 17h de segunda a sexta-feira;Nao Disponivel;Nao Disponivel;-15.742334;-48.16957
2360233;UBS 7 JARDIM RORIZ PLANALTINA;NORTE;JARDIM RORIZ ENTREQUADRA 3/4 AREA ESPECIAL2JARDIM RORIZ;Nao Disponivel;Nao Disponivel;2;Das 7h as 17h de segunda a sexta-feira;Nao Disponivel;Nao Disponivel;-15.602764;-47.648284
3781402;UBS 7 MORRO DA CRUZ - SAO SEBASTIAO;LESTE;CHACARA10;Nao Disponivel;Nao Disponivel;2;Das 7h as 17h de segunda a sexta-feira;Nao Disponivel;Nao Disponivel;-15.916379;-47.771105
3144569;UBS 7 SANTA MARIA;SUL;AV. BRIGADEIRO PINTO DE MOURA1RESID SANTOS DOUMONT;Nao Disponivel;Nao Disponivel;2;Das 7h as 17h de segunda a sexta-feira;Nao Disponivel;Nao Disponivel;-15.99324;-47.98801
11630;UBS 8 - PADDF - PARANOA;LESTE;COLONIA AGRICOLA BR 251 KM 07250;Nao Disponivel;Nao Disponivel;2;Das 7h as 17h de segunda a sexta-feira;Nao Disponivel;Nao Disponivel;-15.999592;-47.563356
7975295;UBS 8 CAVAS DE BAIXO - SAO SEBASTIAO;LESTE;BR 251 KM29NUCLEO RURAL;Nao Disponivel;Nao Disponivel;2;Das 7h as 17h de segunda a sexta-feira;Nao Disponivel;Nao Disponivel;-15.971361;-47.708768
11045;UBS 8 CEILANDIA;OESTE;EQNP 13/17 LOTES A,B,C,D P NORTE13/17LOTE ABCD;Nao Disponivel;Nao Disponivel;2;Das 7h as 18h de segunda a sexta-feira;Nao Disponivel;Nao Disponivel;-15.806957;-48.129921
9571280;UBS 8 TORRE DE BRAZLANDIA;Nao Disponivel;RADIOBRAS CHACARA ST. HELENA CAPELA RURAL OESTES/N;Nao Disponivel;Nao Disponivel;2;Das 8h as 17h de segunda a sexta-feira;Nao Disponivel;Nao Disponivel;-15.677292;-48.155364
5050359;UBS 8 VALE DO AMANHECER PLANALTINA;NORTE;CR 71 CASA177VALE DO AMANHECER;Nao Disponivel;Nao Disponivel;2;Das 7h as 17h de segunda a sexta-feira;Nao Disponivel;Nao Disponivel;-15.677358;-47.652592
11053;UBS 9 CEILANDIA;OESTE;EQNP 28/32 LOTES A, B, C, D28/32P SUL;Nao Disponivel;Nao Disponivel;2;Das 7h as 19h de segunda a sexta-feira e sabado Das 7h as 12h;Nao Disponivel;Nao Disponivel;-15.846605;-48.123492
3742873;UBS 9 RESIDENCIAL DO BOSQUE 1 - SAO SEBASTIAO;LESTE;RUA DA ESCOLA 540 SAO SEBASTIAO540;Nao Disponivel;Nao Disponivel;2;Das 7h as 17h de segunda a sexta-feira;Nao Disponivel;Nao Disponivel;-15.905074;-47.755795
2672235;UBS 9 SANTOS DUMONT PLANALTINA;NORTE;NUCLEO RURAL SANTOS DUMONT DF 130 KM 251;Nao Disponivel;Nao Disponivel;2;Das 7h as 17h de segunda a sexta-feira;Nao Disponivel;Nao Disponivel;-15.679269;-47.64829
9548203;UBS 9 ZONA RURAL DE BRAZLANDIA;OESTE;INCRA 8 CAAG Q 15S/N;Nao Disponivel;Nao Disponivel;2;Das 7h as 17h de segunda a sexta-feira;Nao Disponivel;Nao Disponivel;-15.742987;-48.17041
